step,train_loss,val_loss,lr,sec_per_step
100,8.93731,,1.500000e-05,0.085
200,8.04182,,3.000000e-05,0.083
300,7.27433,,4.500000e-05,0.082
400,6.84659,,6.000000e-05,0.077
500,6.55531,,7.500000e-05,0.078
600,6.34876,,9.000000e-05,0.078
700,6.18430,,1.050000e-04,0.079
800,6.04518,,1.200000e-04,0.076
900,5.93524,,1.350000e-04,0.076
1000,5.83275,5.70988,1.500000e-04,0.077
1100,5.72483,,1.650000e-04,0.077
1200,5.64074,,1.800000e-04,0.076
1300,5.55063,,1.950000e-04,0.076
1400,5.47571,,2.100000e-04,0.076
1500,5.39289,,2.250000e-04,0.077
1600,5.33605,,2.400000e-04,0.076
1700,5.26993,,2.550000e-04,0.076
1800,5.18955,,2.700000e-04,0.076
1900,5.13514,,2.850000e-04,0.076
2000,5.07927,4.97587,3.000000e-04,0.076
2100,5.04234,,2.999992e-04,0.076
2200,4.97633,,2.999969e-04,0.076
2300,4.93626,,2.999931e-04,0.076
2400,4.89071,,2.999877e-04,0.075
2500,4.86380,,2.999807e-04,0.076
2600,4.81690,,2.999723e-04,0.076
2700,4.77554,,2.999622e-04,0.076
2800,4.72828,,2.999507e-04,0.075
2900,4.69818,,2.999376e-04,0.075
3000,4.66748,4.54838,2.999229e-04,0.076
3100,4.64864,,2.999067e-04,0.076
3200,4.62585,,2.998890e-04,0.075
3300,4.59702,,2.998698e-04,0.075
3400,4.56446,,2.998490e-04,0.075
3500,4.54744,,2.998266e-04,0.076
3600,4.52383,,2.998027e-04,0.075
3700,4.50301,,2.997773e-04,0.075
3800,4.47030,,2.997503e-04,0.075
3900,4.44348,,2.997218e-04,0.076
4000,4.42189,4.30412,2.996918e-04,0.075
4100,4.39654,,2.996602e-04,0.075
4200,4.38149,,2.996271e-04,0.075
4300,4.36845,,2.995925e-04,0.076
4400,4.34488,,2.995563e-04,0.075
4500,4.31898,,2.995185e-04,0.075
4600,4.29153,,2.994793e-04,0.075
4700,4.28414,,2.994385e-04,0.075
4800,4.24603,,2.993961e-04,0.075
4900,4.24808,,2.993523e-04,0.075
5000,4.22677,4.12002,2.993069e-04,0.075
5100,4.21372,,2.992599e-04,0.075
5200,4.20388,,2.992115e-04,0.075
5300,4.19468,,2.991614e-04,0.075
5400,4.16070,,2.991099e-04,0.075
5500,4.14460,,2.990568e-04,0.075
5600,4.13884,,2.990022e-04,0.075
5700,4.12858,,2.989461e-04,0.075
5800,4.10519,,2.988884e-04,0.075
5900,4.08379,,2.988292e-04,0.075
6000,4.06495,3.96660,2.987685e-04,0.075
6100,4.04433,,2.987062e-04,0.075
6200,4.03745,,2.986425e-04,0.075
6300,4.01268,,2.985772e-04,0.075
6400,4.01989,,2.985103e-04,0.075
6500,4.00376,,2.984420e-04,0.075
6600,3.97143,,2.983721e-04,0.075
6700,3.95951,,2.983006e-04,0.075
6800,3.95045,,2.982277e-04,0.075
6900,3.93413,,2.981533e-04,0.075
7000,3.91294,3.80751,2.980773e-04,0.075
7100,3.91297,,2.979998e-04,0.075
7200,3.90079,,2.979207e-04,0.075
7300,3.88287,,2.978402e-04,0.075
7400,3.86108,,2.977581e-04,0.075
7500,3.85613,,2.976745e-04,0.075
7600,3.83938,,2.975894e-04,0.076
7700,3.80901,,2.975028e-04,0.076
7800,3.79634,,2.974147e-04,0.076
7900,3.80482,,2.973250e-04,0.076
8000,3.77527,3.66016,2.972339e-04,0.076
8100,3.76231,,2.971412e-04,0.076
8200,3.74351,,2.970470e-04,0.076
8300,3.71853,,2.969513e-04,0.076
8400,3.72281,,2.968541e-04,0.076
8500,3.68458,,2.967554e-04,0.076
8600,3.68006,,2.966552e-04,0.076
8700,3.66189,,2.965534e-04,0.077
8800,3.64305,,2.964502e-04,0.076
8900,3.65276,,2.963454e-04,0.077
9000,3.61681,3.53547,2.962392e-04,0.077
9100,3.62097,,2.961314e-04,0.077
9200,3.59760,,2.960222e-04,0.077
9300,3.58665,,2.959114e-04,0.077
9400,3.57262,,2.957992e-04,0.077
9500,3.55675,,2.956854e-04,0.077
9600,3.54136,,2.955702e-04,0.077
9700,3.52196,,2.954534e-04,0.077
9800,3.52011,,2.953352e-04,0.077
9900,3.49364,,2.952155e-04,0.077
10000,3.49232,3.39598,2.950942e-04,0.077
10100,3.46384,,2.949715e-04,0.078
10200,3.44868,,2.948473e-04,0.078
10300,3.43718,,2.947216e-04,0.078
10400,3.42919,,2.945944e-04,0.078
10500,3.40204,,2.944658e-04,0.078
10600,3.40794,,2.943356e-04,0.078
10700,3.41542,,2.942040e-04,0.078
10800,3.38707,,2.940709e-04,0.078
10900,3.36380,,2.939363e-04,0.078
11000,3.36874,3.27696,2.938002e-04,0.078
11100,3.35232,,2.936626e-04,0.078
11200,3.32402,,2.935236e-04,0.078
11300,3.33032,,2.933831e-04,0.078
11400,3.31016,,2.932411e-04,0.078
11500,3.28660,,2.930977e-04,0.078
11600,3.29057,,2.929527e-04,0.078
11700,3.27303,,2.928063e-04,0.078
11800,3.25354,,2.926585e-04,0.078
11900,3.24751,,2.925092e-04,0.079
12000,3.22433,3.14507,2.923584e-04,0.078
12100,3.20748,,2.922061e-04,0.079
12200,3.21542,,2.920524e-04,0.079
12300,3.17872,,2.918972e-04,0.079
12400,3.18210,,2.917406e-04,0.079
12500,3.16129,,2.915825e-04,0.079
12600,3.15467,,2.914230e-04,0.079
12700,3.15042,,2.912620e-04,0.079
12800,3.13361,,2.910995e-04,0.079
12900,3.12318,,2.909356e-04,0.079
13000,3.11114,3.03551,2.907703e-04,0.079
13100,3.08293,,2.906035e-04,0.079
13200,3.09773,,2.904352e-04,0.079
13300,3.09339,,2.902655e-04,0.079
13400,3.07193,,2.900944e-04,0.079
13500,3.06650,,2.899219e-04,0.079
13600,3.07281,,2.897479e-04,0.079
13700,3.04810,,2.895724e-04,0.079
13800,3.03081,,2.893956e-04,0.079
13900,3.01495,,2.892172e-04,0.079
14000,2.96874,2.94184,2.890375e-04,0.079
14100,3.00362,,2.888564e-04,0.079
14200,2.99576,,2.886738e-04,0.079
14300,2.97916,,2.884897e-04,0.079
14400,2.98115,,2.883043e-04,0.079
14500,2.95621,,2.881174e-04,0.079
14600,2.96059,,2.879292e-04,0.079
14700,2.96090,,2.877395e-04,0.079
14800,2.92099,,2.875484e-04,0.079
14900,2.92572,,2.873558e-04,0.079
15000,2.91588,2.85875,2.871619e-04,0.079
15100,2.91944,,2.869665e-04,0.079
15200,2.91017,,2.867698e-04,0.079
15300,2.89268,,2.865716e-04,0.079
15400,2.88606,,2.863721e-04,0.079
15500,2.87092,,2.861711e-04,0.079
15600,2.86214,,2.859687e-04,0.079
15700,2.84990,,2.857650e-04,0.079
15800,2.83663,,2.855598e-04,0.079
15900,2.84841,,2.853533e-04,0.079
16000,2.83288,2.75058,2.851453e-04,0.079
16100,2.81640,,2.849360e-04,0.079
16200,2.80204,,2.847253e-04,0.079
16300,2.81763,,2.845132e-04,0.079
16400,2.80369,,2.842997e-04,0.079
16500,2.79377,,2.840848e-04,0.079
16600,2.79325,,2.838686e-04,0.079
16700,2.76961,,2.836510e-04,0.079
16800,2.78406,,2.834320e-04,0.079
16900,2.78045,,2.832116e-04,0.079
17000,2.77872,2.67822,2.829899e-04,0.079
17100,2.75242,,2.827668e-04,0.079
17200,2.75750,,2.825423e-04,0.079
17300,2.73320,,2.823165e-04,0.079
17400,2.73628,,2.820893e-04,0.079
17500,2.74420,,2.818608e-04,0.078
17600,2.75448,,2.816309e-04,0.078
17700,2.70610,,2.813996e-04,0.078
17800,2.73649,,2.811670e-04,0.078
17900,2.70062,,2.809331e-04,0.078
18000,2.69235,2.62574,2.806978e-04,0.078
18100,2.67449,,2.804612e-04,0.078
18200,2.69616,,2.802232e-04,0.078
18300,2.66749,,2.799839e-04,0.078
18400,2.70301,,2.797432e-04,0.078
18500,2.68941,,2.795012e-04,0.078
18600,2.66949,,2.792579e-04,0.078
18700,2.65797,,2.790133e-04,0.078
18800,2.64498,,2.787673e-04,0.078
18900,2.62526,,2.785200e-04,0.078
19000,2.66795,2.57965,2.782714e-04,0.078
19100,2.61954,,2.780215e-04,0.078
19200,2.61764,,2.777702e-04,0.078
19300,2.63834,,2.775177e-04,0.078
19400,2.65283,,2.772638e-04,0.078
19500,2.61740,,2.770086e-04,0.078
19600,2.58271,,2.767521e-04,0.078
19700,2.57161,,2.764944e-04,0.078
19800,2.57323,,2.762353e-04,0.078
19900,2.58593,,2.759749e-04,0.078
20000,2.57504,2.51738,2.757132e-04,0.078
20100,2.55328,,2.754502e-04,0.079
20200,2.56220,,2.751860e-04,0.079
20300,2.57452,,2.749204e-04,0.079
20400,2.56486,,2.746536e-04,0.079
20500,2.57001,,2.743855e-04,0.079
20600,2.56109,,2.741161e-04,0.079
20700,2.52704,,2.738455e-04,0.079
20800,2.54789,,2.735735e-04,0.079
20900,2.54057,,2.733003e-04,0.079
21000,2.53205,2.45226,2.730258e-04,0.079
21100,2.54695,,2.727501e-04,0.079
21200,2.52954,,2.724731e-04,0.079
21300,2.53515,,2.721948e-04,0.079
21400,2.49984,,2.719153e-04,0.079
21500,2.50278,,2.716346e-04,0.079
21600,2.51853,,2.713525e-04,0.079
21700,2.52543,,2.710693e-04,0.079
21800,2.51274,,2.707848e-04,0.079
21900,2.48207,,2.704990e-04,0.079
22000,2.49358,2.41521,2.702120e-04,0.079
22100,2.45733,,2.699238e-04,0.079
22200,2.44502,,2.696344e-04,0.079
22300,2.49663,,2.693437e-04,0.079
22400,2.43674,,2.690518e-04,0.079
22500,2.44705,,2.687586e-04,0.079
22600,2.44853,,2.684643e-04,0.079
22700,2.43645,,2.681687e-04,0.079
22800,2.45705,,2.678719e-04,0.079
22900,2.44045,,2.675739e-04,0.079
23000,2.43044,2.36758,2.672747e-04,0.079
23100,2.43705,,2.669743e-04,0.079
23200,2.43739,,2.666727e-04,0.079
23300,2.40677,,2.663699e-04,0.079
23400,2.42005,,2.660659e-04,0.079
23500,2.44574,,2.657607e-04,0.079
23600,2.41146,,2.654543e-04,0.079
23700,2.41216,,2.651467e-04,0.079
23800,2.41865,,2.648380e-04,0.079
23900,2.40225,,2.645280e-04,0.079
24000,2.39317,2.33459,2.642169e-04,0.079
24100,2.40991,,2.639046e-04,0.079
24200,2.39272,,2.635911e-04,0.079
24300,2.38635,,2.632765e-04,0.079
24400,2.43018,,2.629607e-04,0.079
24500,2.37310,,2.626438e-04,0.080
24600,2.38301,,2.623257e-04,0.079
24700,2.38919,,2.620064e-04,0.080
24800,2.35870,,2.616860e-04,0.080
24900,2.36665,,2.613644e-04,0.080
25000,2.35759,2.27343,2.610417e-04,0.080
25100,2.35206,,2.607178e-04,0.080
25200,2.37576,,2.603929e-04,0.080
25300,2.33450,,2.600667e-04,0.080
25400,2.35236,,2.597395e-04,0.080
25500,2.36156,,2.594111e-04,0.080
25600,2.34418,,2.590816e-04,0.080
25700,2.30101,,2.587510e-04,0.080
25800,2.33454,,2.584192e-04,0.080
25900,2.31344,,2.580864e-04,0.080
26000,2.32813,2.25379,2.577524e-04,0.080
26100,2.32464,,2.574173e-04,0.080
26200,2.32014,,2.570811e-04,0.080
26300,2.28859,,2.567439e-04,0.080
26400,2.31020,,2.564055e-04,0.080
26500,2.30657,,2.560660e-04,0.080
26600,2.28908,,2.557255e-04,0.080
26700,2.28673,,2.553838e-04,0.080
26800,2.27097,,2.550411e-04,0.080
26900,2.29388,,2.546973e-04,0.080
27000,2.27853,2.20901,2.543524e-04,0.080
27100,2.30626,,2.540064e-04,0.080
27200,2.24749,,2.536594e-04,0.080
27300,2.25478,,2.533113e-04,0.080
27400,2.29723,,2.529622e-04,0.080
27500,2.28449,,2.526119e-04,0.080
27600,2.27193,,2.522607e-04,0.080
27700,2.26005,,2.519084e-04,0.080
27800,2.28548,,2.515550e-04,0.080
27900,2.24955,,2.512006e-04,0.080
28000,2.29304,2.17031,2.508451e-04,0.080
28100,2.26978,,2.504886e-04,0.080
28200,2.24505,,2.501311e-04,0.080
28300,2.24040,,2.497726e-04,0.080
28400,2.25579,,2.494130e-04,0.080
28500,2.27070,,2.490524e-04,0.080
28600,2.23247,,2.486908e-04,0.080
28700,2.29365,,2.483282e-04,0.080
28800,2.27818,,2.479645e-04,0.080
28900,2.24498,,2.475999e-04,0.080
29000,2.21406,2.16625,2.472343e-04,0.080
29100,2.24507,,2.468676e-04,0.080
29200,2.24702,,2.465000e-04,0.080
29300,2.27046,,2.461313e-04,0.080
29400,2.25150,,2.457617e-04,0.080
29500,2.24691,,2.453911e-04,0.080
29600,2.24706,,2.450195e-04,0.080
29700,2.21532,,2.446470e-04,0.080
29800,2.23648,,2.442734e-04,0.080
29900,2.20618,,2.438989e-04,0.080
30000,2.21932,2.13115,2.435235e-04,0.080
30100,2.21110,,2.431470e-04,0.080
30200,2.21454,,2.427697e-04,0.080
30300,2.21941,,2.423913e-04,0.080
30400,2.19384,,2.420120e-04,0.080
30500,2.23816,,2.416318e-04,0.080
30600,2.21933,,2.412506e-04,0.080
30700,2.20611,,2.408685e-04,0.080
30800,2.21771,,2.404855e-04,0.080
30900,2.20821,,2.401015e-04,0.080
31000,2.18835,2.12358,2.397166e-04,0.080
31100,2.21623,,2.393308e-04,0.080
31200,2.19726,,2.389440e-04,0.080
31300,2.16139,,2.385564e-04,0.080
31400,2.18912,,2.381678e-04,0.080
31500,2.21357,,2.377783e-04,0.080
31600,2.16817,,2.373879e-04,0.080
31700,2.17306,,2.369967e-04,0.080
31800,2.19171,,2.366045e-04,0.080
31900,2.17925,,2.362114e-04,0.080
32000,2.17737,2.08566,2.358175e-04,0.080
32100,2.19660,,2.354227e-04,0.080
32200,2.15402,,2.350270e-04,0.080
32300,2.17278,,2.346304e-04,0.080
32400,2.13066,,2.342329e-04,0.080
32500,2.18125,,2.338346e-04,0.080
32600,2.13348,,2.334355e-04,0.080
32700,2.15456,,2.330354e-04,0.080
32800,2.15619,,2.326345e-04,0.080
32900,2.15939,,2.322328e-04,0.080
33000,2.16551,2.07692,2.318302e-04,0.080
33100,2.11773,,2.314268e-04,0.080
33200,2.15087,,2.310226e-04,0.080
33300,2.15871,,2.306175e-04,0.080
33400,2.12260,,2.302116e-04,0.080
33500,2.12271,,2.298048e-04,0.080
33600,2.13937,,2.293972e-04,0.080
33700,2.14205,,2.289889e-04,0.080
33800,2.12500,,2.285797e-04,0.080
33900,2.13181,,2.281697e-04,0.080
34000,2.12673,2.05172,2.277589e-04,0.080
34100,2.12309,,2.273473e-04,0.080
34200,2.14772,,2.269349e-04,0.080
34300,2.14159,,2.265217e-04,0.080
34400,2.12354,,2.261077e-04,0.080
34500,2.12020,,2.256930e-04,0.080
34600,2.08412,,2.252775e-04,0.080
34700,2.10485,,2.248611e-04,0.080
34800,2.10291,,2.244441e-04,0.081
34900,2.11825,,2.240262e-04,0.080
35000,2.06990,2.03460,2.236076e-04,0.081
35100,2.08736,,2.231883e-04,0.081
35200,2.13502,,2.227682e-04,0.081
35300,2.10531,,2.223473e-04,0.081
35400,2.10511,,2.219257e-04,0.081
35500,2.11329,,2.215034e-04,0.081
35600,2.09423,,2.210803e-04,0.081
35700,2.04737,,2.206565e-04,0.081
35800,2.07985,,2.202320e-04,0.081
35900,2.08749,,2.198067e-04,0.081
36000,2.10000,2.00193,2.193807e-04,0.081
36100,2.06680,,2.189541e-04,0.081
36200,2.06632,,2.185267e-04,0.081
36300,2.08863,,2.180986e-04,0.081
36400,2.03406,,2.176698e-04,0.081
36500,2.07613,,2.172403e-04,0.081
36600,2.05671,,2.168101e-04,0.081
36700,2.05241,,2.163792e-04,0.081
36800,2.05844,,2.159477e-04,0.081
36900,2.04995,,2.155155e-04,0.081
37000,2.06780,1.97304,2.150826e-04,0.081
37100,2.06039,,2.146490e-04,0.081
37200,2.05645,,2.142148e-04,0.081
37300,2.06554,,2.137799e-04,0.081
37400,2.07111,,2.133443e-04,0.081
37500,2.01486,,2.129081e-04,0.081
37600,2.03707,,2.124713e-04,0.081
37700,2.01609,,2.120338e-04,0.081
37800,2.03978,,2.115956e-04,0.081
37900,2.04873,,2.111569e-04,0.081
38000,1.98765,1.95075,2.107175e-04,0.081
38100,2.03571,,2.102775e-04,0.081
38200,2.06058,,2.098369e-04,0.081
38300,2.04149,,2.093956e-04,0.081
38400,2.03248,,2.089538e-04,0.081
38500,2.04162,,2.085113e-04,0.081
38600,2.02304,,2.080682e-04,0.081
38700,2.00368,,2.076246e-04,0.081
38800,2.04499,,2.071803e-04,0.081
38900,2.02926,,2.067355e-04,0.081
39000,2.02072,1.94757,2.062901e-04,0.081
39100,1.97870,,2.058440e-04,0.081
39200,2.03584,,2.053975e-04,0.081
39300,2.01962,,2.049503e-04,0.081
39400,2.02083,,2.045026e-04,0.081
39500,2.04259,,2.040543e-04,0.081
39600,2.02338,,2.036055e-04,0.081
39700,2.01827,,2.031561e-04,0.081
39800,1.97483,,2.027062e-04,0.081
39900,1.99298,,2.022558e-04,0.081
40000,2.05123,1.93812,2.018048e-04,0.081
40100,2.01037,,2.013532e-04,0.081
40200,2.02015,,2.009012e-04,0.081
40300,2.02663,,2.004486e-04,0.081
40400,2.01800,,1.999955e-04,0.081
40500,2.01605,,1.995419e-04,0.081
40600,1.98492,,1.990877e-04,0.081
40700,1.96408,,1.986331e-04,0.081
40800,1.96881,,1.981780e-04,0.081
40900,1.99101,,1.977223e-04,0.081
41000,1.98821,1.91628,1.972662e-04,0.081
41100,1.95942,,1.968096e-04,0.081
41200,1.94572,,1.963525e-04,0.081
41300,1.95747,,1.958950e-04,0.081
41400,1.98960,,1.954370e-04,0.081
41500,1.99861,,1.949785e-04,0.081
41600,1.96856,,1.945195e-04,0.081
41700,1.98061,,1.940601e-04,0.081
41800,1.93623,,1.936002e-04,0.081
41900,1.93711,,1.931399e-04,0.081
42000,1.94911,1.88607,1.926791e-04,0.081
42100,1.96943,,1.922179e-04,0.081
42200,1.92358,,1.917563e-04,0.081
42300,1.95713,,1.912942e-04,0.081
42400,1.94922,,1.908318e-04,0.081
42500,1.95476,,1.903688e-04,0.081
42600,1.97504,,1.899055e-04,0.081
42700,1.97457,,1.894418e-04,0.081
42800,1.89594,,1.889777e-04,0.081
42900,1.92696,,1.885131e-04,0.081
43000,1.97182,1.87979,1.880482e-04,0.081
43100,1.96255,,1.875829e-04,0.081
43200,1.95372,,1.871172e-04,0.081
43300,1.94155,,1.866511e-04,0.081
43400,1.94988,,1.861846e-04,0.081
43500,1.91352,,1.857178e-04,0.081
43600,1.94859,,1.852505e-04,0.081
43700,1.92651,,1.847830e-04,0.081
43800,1.94433,,1.843150e-04,0.081
43900,1.94556,,1.838468e-04,0.081
44000,1.93349,1.85792,1.833781e-04,0.081
44100,1.93455,,1.829092e-04,0.081
44200,1.91407,,1.824399e-04,0.081
44300,1.90920,,1.819702e-04,0.081
44400,1.90710,,1.815002e-04,0.081
44500,1.90672,,1.810300e-04,0.081
44600,1.91904,,1.805593e-04,0.081
44700,1.92599,,1.800884e-04,0.081
44800,1.88569,,1.796172e-04,0.081
44900,1.89847,,1.791456e-04,0.081
45000,1.92069,1.84363,1.786738e-04,0.081
45100,1.90420,,1.782017e-04,0.081
45200,1.91309,,1.777292e-04,0.081
45300,1.88446,,1.772565e-04,0.081
45400,1.89687,,1.767835e-04,0.081
45500,1.92379,,1.763103e-04,0.081
45600,1.89829,,1.758367e-04,0.081
45700,1.89860,,1.753629e-04,0.081
45800,1.92431,,1.748889e-04,0.081
45900,1.90468,,1.744146e-04,0.081
46000,1.90213,1.83342,1.739400e-04,0.081
46100,1.87054,,1.734652e-04,0.081
46200,1.90507,,1.729901e-04,0.081
46300,1.88399,,1.725148e-04,0.081
46400,1.89076,,1.720393e-04,0.081
46500,1.91196,,1.715635e-04,0.081
46600,1.90686,,1.710876e-04,0.081
46700,1.88303,,1.706114e-04,0.081
46800,1.86048,,1.701350e-04,0.081
46900,1.90124,,1.696584e-04,0.081
47000,1.87033,1.81961,1.691816e-04,0.081
47100,1.89552,,1.687046e-04,0.081
47200,1.88351,,1.682274e-04,0.081
47300,1.86043,,1.677500e-04,0.081
47400,1.85823,,1.672724e-04,0.081
47500,1.90822,,1.667947e-04,0.081
47600,1.89659,,1.663168e-04,0.081
47700,1.86778,,1.658387e-04,0.081
47800,1.86920,,1.653604e-04,0.081
47900,1.84122,,1.648820e-04,0.081
48000,1.83707,1.80179,1.644035e-04,0.081
48100,1.84579,,1.639247e-04,0.081
48200,1.87429,,1.634459e-04,0.081
48300,1.86872,,1.629669e-04,0.081
48400,1.86763,,1.624878e-04,0.081
48500,1.86143,,1.620085e-04,0.081
48600,1.84721,,1.615292e-04,0.081
48700,1.85487,,1.610497e-04,0.081
48800,1.83567,,1.605701e-04,0.081
48900,1.86567,,1.600904e-04,0.081
49000,1.86577,1.78565,1.596105e-04,0.081
49100,1.86458,,1.591306e-04,0.081
49200,1.84391,,1.586506e-04,0.081
49300,1.82806,,1.581705e-04,0.081
49400,1.83284,,1.576903e-04,0.081
49500,1.81803,,1.572101e-04,0.081
49600,1.83025,,1.567297e-04,0.081
49700,1.84526,,1.562493e-04,0.081
49800,1.84349,,1.557688e-04,0.081
49900,1.83675,,1.552883e-04,0.081
50000,1.82026,1.77590,1.548077e-04,0.081
50100,1.83834,,1.543271e-04,0.081
50200,1.83214,,1.538464e-04,0.081
50300,1.82940,,1.533657e-04,0.081
50400,1.83803,,1.528850e-04,0.081
50500,1.83576,,1.524042e-04,0.081
50600,1.84353,,1.519234e-04,0.081
50700,1.79549,,1.514425e-04,0.081
50800,1.82859,,1.509617e-04,0.081
50900,1.82093,,1.504809e-04,0.081
51000,1.83426,1.75075,1.500000e-04,0.081
51100,1.80550,,1.495191e-04,0.081
51200,1.82222,,1.490383e-04,0.081
51300,1.83138,,1.485575e-04,0.081
51400,1.82506,,1.480766e-04,0.081
51500,1.80334,,1.475958e-04,0.081
51600,1.81112,,1.471150e-04,0.081
51700,1.79963,,1.466343e-04,0.081
51800,1.82336,,1.461536e-04,0.081
51900,1.82171,,1.456729e-04,0.081
52000,1.81921,1.76603,1.451923e-04,0.081
52100,1.78950,,1.447117e-04,0.081
52200,1.80946,,1.442312e-04,0.081
52300,1.79545,,1.437507e-04,0.081
52400,1.79534,,1.432703e-04,0.081
52500,1.80151,,1.427899e-04,0.081
52600,1.79789,,1.423097e-04,0.081
52700,1.79716,,1.418295e-04,0.081
52800,1.79124,,1.413494e-04,0.081
52900,1.78374,,1.408694e-04,0.081
53000,1.77455,1.72394,1.403895e-04,0.081
53100,1.77116,,1.399096e-04,0.081
53200,1.80503,,1.394299e-04,0.081
53300,1.78582,,1.389503e-04,0.081
53400,1.77494,,1.384708e-04,0.081
53500,1.75014,,1.379915e-04,0.081
53600,1.74289,,1.375122e-04,0.081
53700,1.77640,,1.370331e-04,0.081
53800,1.78340,,1.365541e-04,0.081
53900,1.79476,,1.360753e-04,0.081
54000,1.80545,1.72433,1.355965e-04,0.081
54100,1.76616,,1.351180e-04,0.081
54200,1.75046,,1.346396e-04,0.081
54300,1.74873,,1.341613e-04,0.081
54400,1.75121,,1.336832e-04,0.081
54500,1.75057,,1.332053e-04,0.081
54600,1.74747,,1.327276e-04,0.081
54700,1.78090,,1.322500e-04,0.080
54800,1.76705,,1.317726e-04,0.080
54900,1.73619,,1.312954e-04,0.080
55000,1.76017,1.71033,1.308184e-04,0.080
55100,1.74819,,1.303416e-04,0.080
55200,1.72673,,1.298650e-04,0.080
55300,1.75376,,1.293886e-04,0.080
55400,1.78105,,1.289124e-04,0.080
55500,1.73999,,1.284365e-04,0.080
55600,1.75544,,1.279607e-04,0.080
55700,1.76427,,1.274852e-04,0.080
55800,1.72739,,1.270099e-04,0.080
55900,1.77296,,1.265348e-04,0.080
56000,1.76938,1.70003,1.260600e-04,0.080
56100,1.73974,,1.255854e-04,0.080
56200,1.74754,,1.251111e-04,0.080
56300,1.76338,,1.246371e-04,0.080
56400,1.73814,,1.241633e-04,0.080
56500,1.72837,,1.236897e-04,0.080
56600,1.72876,,1.232165e-04,0.080
56700,1.75842,,1.227435e-04,0.080
56800,1.74754,,1.222708e-04,0.080
56900,1.74901,,1.217983e-04,0.080
57000,1.73771,1.67732,1.213262e-04,0.080
57100,1.73038,,1.208544e-04,0.080
57200,1.74094,,1.203828e-04,0.080
57300,1.74910,,1.199116e-04,0.080
57400,1.71250,,1.194407e-04,0.080
57500,1.68652,,1.189700e-04,0.080
57600,1.75271,,1.184998e-04,0.080
57700,1.73914,,1.180298e-04,0.080
57800,1.72935,,1.175601e-04,0.080
57900,1.74730,,1.170908e-04,0.080
58000,1.72583,1.65881,1.166219e-04,0.080
58100,1.69736,,1.161532e-04,0.080
58200,1.74840,,1.156850e-04,0.080
58300,1.71638,,1.152170e-04,0.080
58400,1.71379,,1.147495e-04,0.080
58500,1.67653,,1.142822e-04,0.080
58600,1.70982,,1.138154e-04,0.080
58700,1.69929,,1.133489e-04,0.080
58800,1.71382,,1.128828e-04,0.080
58900,1.73402,,1.124171e-04,0.080
59000,1.72917,1.65173,1.119518e-04,0.080
59100,1.72141,,1.114869e-04,0.080
59200,1.72226,,1.110223e-04,0.080
59300,1.71443,,1.105582e-04,0.080
59400,1.70095,,1.100945e-04,0.080
59500,1.69828,,1.096312e-04,0.080
59600,1.71094,,1.091682e-04,0.080
59700,1.67195,,1.087058e-04,0.080
59800,1.70016,,1.082437e-04,0.080
59900,1.67041,,1.077821e-04,0.080
60000,1.69856,1.62403,1.073209e-04,0.080
60100,1.68944,,1.068601e-04,0.080
60200,1.69010,,1.063998e-04,0.080
60300,1.70172,,1.059399e-04,0.080
60400,1.67477,,1.054805e-04,0.080
60500,1.65650,,1.050215e-04,0.080
60600,1.66782,,1.045630e-04,0.080
60700,1.69086,,1.041050e-04,0.080
60800,1.72916,,1.036475e-04,0.080
60900,1.66235,,1.031904e-04,0.080
61000,1.69854,1.63339,1.027338e-04,0.080
61100,1.69749,,1.022777e-04,0.080
61200,1.65792,,1.018220e-04,0.080
61300,1.66336,,1.013669e-04,0.080
61400,1.68412,,1.009123e-04,0.080
61500,1.64376,,1.004581e-04,0.080
61600,1.67329,,1.000045e-04,0.080
61700,1.68701,,9.955142e-05,0.080
61800,1.66636,,9.909884e-05,0.080
61900,1.67835,,9.864678e-05,0.080
62000,1.68227,1.61321,9.819524e-05,0.080
62100,1.67640,,9.774424e-05,0.080
62200,1.66215,,9.729378e-05,0.080
62300,1.69997,,9.684385e-05,0.080
62400,1.68995,,9.639448e-05,0.080
62500,1.64671,,9.594565e-05,0.080
62600,1.66682,,9.549738e-05,0.080
62700,1.64944,,9.504967e-05,0.080
62800,1.65065,,9.460253e-05,0.080
62900,1.67784,,9.415595e-05,0.080
63000,1.67649,1.60166,9.370995e-05,0.080
63100,1.66436,,9.326453e-05,0.080
63200,1.65015,,9.281969e-05,0.080
63300,1.62576,,9.237543e-05,0.080
63400,1.66891,,9.193177e-05,0.080
63500,1.66115,,9.148871e-05,0.080
63600,1.69171,,9.104625e-05,0.080
63700,1.64002,,9.060439e-05,0.080
63800,1.66388,,9.016314e-05,0.080
63900,1.63077,,8.972251e-05,0.080
64000,1.65069,1.58027,8.928250e-05,0.080
64100,1.66657,,8.884311e-05,0.080
64200,1.64445,,8.840435e-05,0.080
64300,1.65538,,8.796622e-05,0.080
64400,1.66014,,8.752874e-05,0.080
64500,1.64242,,8.709189e-05,0.080
64600,1.61755,,8.665569e-05,0.080
64700,1.64325,,8.622014e-05,0.080
64800,1.63868,,8.578524e-05,0.080
64900,1.61203,,8.535101e-05,0.080
65000,1.62614,1.58387,8.491744e-05,0.080
65100,1.64529,,8.448454e-05,0.080
65200,1.63980,,8.405231e-05,0.080
65300,1.61741,,8.362076e-05,0.080
65400,1.62085,,8.318989e-05,0.080
65500,1.62408,,8.275971e-05,0.080
65600,1.62219,,8.233022e-05,0.080
65700,1.60173,,8.190143e-05,0.080
65800,1.59668,,8.147333e-05,0.080
65900,1.60313,,8.104594e-05,0.080
66000,1.61558,1.56434,8.061926e-05,0.080
66100,1.63216,,8.019329e-05,0.080
66200,1.62988,,7.976804e-05,0.080
66300,1.61499,,7.934350e-05,0.080
66400,1.61324,,7.891970e-05,0.080
66500,1.62804,,7.849663e-05,0.080
66600,1.63190,,7.807429e-05,0.080
66700,1.59097,,7.765269e-05,0.080
66800,1.62832,,7.723183e-05,0.080
66900,1.61676,,7.681172e-05,0.080
67000,1.59325,1.55391,7.639237e-05,0.080
67100,1.59120,,7.597377e-05,0.080
67200,1.60909,,7.555593e-05,0.080
67300,1.61031,,7.513885e-05,0.080
67400,1.57671,,7.472255e-05,0.080
67500,1.58891,,7.430702e-05,0.080
67600,1.61251,,7.389226e-05,0.080
67700,1.63220,,7.347829e-05,0.080
67800,1.60334,,7.306511e-05,0.080
67900,1.59565,,7.265271e-05,0.080
68000,1.60135,1.53747,7.224111e-05,0.080
68100,1.59432,,7.183031e-05,0.080
68200,1.58787,,7.142032e-05,0.080
68300,1.60339,,7.101113e-05,0.080
68400,1.60210,,7.060275e-05,0.080
68500,1.57732,,7.019519e-05,0.080
68600,1.55177,,6.978845e-05,0.080
68700,1.57164,,6.938253e-05,0.080
68800,1.59630,,6.897744e-05,0.080
68900,1.61596,,6.857318e-05,0.080
69000,1.58761,1.53245,6.816976e-05,0.080
69100,1.60373,,6.776719e-05,0.080
69200,1.61244,,6.736545e-05,0.080
69300,1.58301,,6.696457e-05,0.080
69400,1.57915,,6.656454e-05,0.080
69500,1.57128,,6.616536e-05,0.080
69600,1.59103,,6.576705e-05,0.080
69700,1.56408,,6.536961e-05,0.080
69800,1.57050,,6.497303e-05,0.080
69900,1.60462,,6.457733e-05,0.080
70000,1.58567,1.52526,6.418250e-05,0.080
70100,1.61543,,6.378856e-05,0.080
70200,1.61324,,6.339550e-05,0.080
70300,1.57259,,6.300333e-05,0.080
70400,1.58782,,6.261206e-05,0.080
70500,1.55719,,6.222169e-05,0.080
70600,1.54204,,6.183221e-05,0.080
70700,1.55908,,6.144365e-05,0.080
70800,1.58906,,6.105599e-05,0.080
70900,1.56500,,6.066925e-05,0.080
71000,1.54094,1.51595,6.028342e-05,0.080
71100,1.59740,,5.989852e-05,0.080
71200,1.54869,,5.951454e-05,0.080
71300,1.53702,,5.913149e-05,0.080
71400,1.55717,,5.874938e-05,0.080
71500,1.59103,,5.836820e-05,0.080
71600,1.55092,,5.798797e-05,0.080
71700,1.54240,,5.760868e-05,0.080
71800,1.58060,,5.723034e-05,0.080
71900,1.55354,,5.685296e-05,0.080
72000,1.55686,1.50033,5.647653e-05,0.080
72100,1.55671,,5.610106e-05,0.080
72200,1.52416,,5.572656e-05,0.080
72300,1.53855,,5.535303e-05,0.080
72400,1.53911,,5.498047e-05,0.080
72500,1.56453,,5.460888e-05,0.080
72600,1.55051,,5.423828e-05,0.080
72700,1.57179,,5.386866e-05,0.080
72800,1.55126,,5.350003e-05,0.080
72900,1.59015,,5.313239e-05,0.080
73000,1.56219,1.49207,5.276574e-05,0.080
73100,1.55090,,5.240010e-05,0.080
73200,1.55411,,5.203545e-05,0.080
73300,1.54939,,5.167182e-05,0.080
73400,1.55151,,5.130919e-05,0.080
73500,1.51589,,5.094758e-05,0.080
73600,1.53747,,5.058699e-05,0.080
73700,1.52000,,5.022741e-05,0.080
73800,1.54570,,4.986887e-05,0.080
73900,1.54632,,4.951135e-05,0.080
74000,1.55512,1.48364,4.915487e-05,0.080
74100,1.56422,,4.879942e-05,0.080
74200,1.53055,,4.844501e-05,0.080
74300,1.52325,,4.809165e-05,0.080
74400,1.53449,,4.773933e-05,0.080
74500,1.51510,,4.738806e-05,0.080
74600,1.51371,,4.703785e-05,0.080
74700,1.55875,,4.668869e-05,0.080
74800,1.53728,,4.634060e-05,0.080
74900,1.55828,,4.599358e-05,0.080
75000,1.53997,1.47636,4.564762e-05,0.080
75100,1.50514,,4.530273e-05,0.080
75200,1.55312,,4.495892e-05,0.080
75300,1.53588,,4.461619e-05,0.080
75400,1.52609,,4.427454e-05,0.080
75500,1.53686,,4.393398e-05,0.080
75600,1.54811,,4.359451e-05,0.080
75700,1.51468,,4.325613e-05,0.080
75800,1.56117,,4.291885e-05,0.080
75900,1.53978,,4.258267e-05,0.080
76000,1.53453,1.46963,4.224760e-05,0.080
76100,1.52088,,4.191363e-05,0.080
76200,1.46728,,4.158077e-05,0.080
76300,1.50804,,4.124903e-05,0.080
76400,1.50638,,4.091840e-05,0.080
76500,1.48464,,4.058889e-05,0.080
76600,1.52828,,4.026051e-05,0.080
76700,1.51171,,3.993326e-05,0.080
76800,1.50834,,3.960714e-05,0.080
76900,1.49056,,3.928215e-05,0.080
77000,1.51746,1.45999,3.895830e-05,0.080
77100,1.47804,,3.863559e-05,0.080
77200,1.51133,,3.831403e-05,0.080
77300,1.50276,,3.799361e-05,0.080
77400,1.48788,,3.767435e-05,0.080
77500,1.52164,,3.735623e-05,0.080
77600,1.53436,,3.703928e-05,0.080
77700,1.51087,,3.672349e-05,0.079
77800,1.51238,,3.640886e-05,0.079
77900,1.52101,,3.609540e-05,0.080
78000,1.49246,1.44966,3.578311e-05,0.080
78100,1.49211,,3.547199e-05,0.079
78200,1.50890,,3.516205e-05,0.079
78300,1.51542,,3.485329e-05,0.079
78400,1.50218,,3.454571e-05,0.079
78500,1.49689,,3.423932e-05,0.079
78600,1.47722,,3.393412e-05,0.079
78700,1.47201,,3.363011e-05,0.079
78800,1.52021,,3.332730e-05,0.079
78900,1.52348,,3.302569e-05,0.079
79000,1.50272,1.43795,3.272528e-05,0.079
79100,1.49424,,3.242607e-05,0.079
79200,1.49823,,3.212807e-05,0.079
79300,1.46942,,3.183129e-05,0.079
79400,1.46756,,3.153572e-05,0.079
79500,1.47736,,3.124136e-05,0.079
79600,1.48486,,3.094823e-05,0.079
79700,1.48133,,3.065632e-05,0.079
79800,1.48562,,3.036563e-05,0.079
79900,1.50889,,3.007618e-05,0.079
80000,1.47014,1.43518,2.978796e-05,0.079
80100,1.50665,,2.950097e-05,0.079
80200,1.49659,,2.921522e-05,0.079
80300,1.46886,,2.893071e-05,0.079
80400,1.48066,,2.864745e-05,0.079
80500,1.47876,,2.836543e-05,0.079
80600,1.48625,,2.808467e-05,0.079
80700,1.48848,,2.780516e-05,0.079
80800,1.46896,,2.752690e-05,0.079
80900,1.44913,,2.724990e-05,0.079
81000,1.45991,1.42727,2.697416e-05,0.079
81100,1.48633,,2.669969e-05,0.079
81200,1.46403,,2.642648e-05,0.079
81300,1.46463,,2.615455e-05,0.079
81400,1.48437,,2.588388e-05,0.079
81500,1.46634,,2.561450e-05,0.079
81600,1.48748,,2.534639e-05,0.079
81700,1.45457,,2.507956e-05,0.079
81800,1.46293,,2.481401e-05,0.079
81900,1.47378,,2.454975e-05,0.079
82000,1.47756,1.42111,2.428678e-05,0.079
82100,1.48910,,2.402511e-05,0.079
82200,1.46443,,2.376472e-05,0.079
82300,1.45456,,2.350564e-05,0.079
82400,1.47618,,2.324785e-05,0.079
82500,1.48156,,2.299137e-05,0.079
82600,1.49264,,2.273619e-05,0.079
82700,1.45924,,2.248232e-05,0.079
82800,1.45700,,2.222976e-05,0.079
82900,1.45095,,2.197852e-05,0.079
83000,1.44086,1.41214,2.172859e-05,0.079
83100,1.44755,,2.147997e-05,0.079
83200,1.47094,,2.123268e-05,0.079
83300,1.44923,,2.098671e-05,0.079
83400,1.42811,,2.074207e-05,0.079
83500,1.51748,,2.049875e-05,0.079
83600,1.47563,,2.025677e-05,0.079
83700,1.47610,,2.001612e-05,0.079
83800,1.47009,,1.977681e-05,0.079
83900,1.44955,,1.953883e-05,0.079
84000,1.46580,1.40785,1.930219e-05,0.079
84100,1.46478,,1.906690e-05,0.079
84200,1.45461,,1.883295e-05,0.079
84300,1.42290,,1.860036e-05,0.079
84400,1.44638,,1.836911e-05,0.079
84500,1.47188,,1.813921e-05,0.079
84600,1.45093,,1.791067e-05,0.079
84700,1.44909,,1.768349e-05,0.079
84800,1.45894,,1.745766e-05,0.079
84900,1.44591,,1.723320e-05,0.079
85000,1.45072,1.40028,1.701010e-05,0.079
85100,1.46562,,1.678837e-05,0.079
85200,1.45038,,1.656801e-05,0.079
85300,1.47331,,1.634902e-05,0.080
85400,1.49318,,1.613140e-05,0.079
85500,1.43354,,1.591516e-05,0.080
85600,1.46449,,1.570030e-05,0.080
85700,1.44532,,1.548682e-05,0.080
85800,1.44759,,1.527472e-05,0.080
85900,1.40679,,1.506400e-05,0.080
86000,1.46038,1.39709,1.485467e-05,0.080
86100,1.45171,,1.464673e-05,0.080
86200,1.45580,,1.444018e-05,0.080
86300,1.45634,,1.423502e-05,0.080
86400,1.49021,,1.403126e-05,0.080
86500,1.43891,,1.382890e-05,0.080
86600,1.44981,,1.362793e-05,0.080
86700,1.44081,,1.342837e-05,0.080
86800,1.44767,,1.323021e-05,0.080
86900,1.45279,,1.303345e-05,0.080
87000,1.47544,1.39028,1.283811e-05,0.080
87100,1.43586,,1.264417e-05,0.080
87200,1.44207,,1.245164e-05,0.080
87300,1.45031,,1.226053e-05,0.080
87400,1.42373,,1.207083e-05,0.080
87500,1.42652,,1.188255e-05,0.080
87600,1.45170,,1.169569e-05,0.080
87700,1.42801,,1.151026e-05,0.080
87800,1.44233,,1.132624e-05,0.080
87900,1.44643,,1.114365e-05,0.080
88000,1.41834,1.38620,1.096249e-05,0.080
88100,1.45990,,1.078275e-05,0.080
88200,1.40909,,1.060445e-05,0.080
88300,1.46816,,1.042758e-05,0.080
88400,1.44100,,1.025214e-05,0.080
88500,1.42263,,1.007814e-05,0.080
88600,1.45459,,9.905575e-06,0.080
88700,1.42560,,9.734451e-06,0.080
88800,1.43281,,9.564769e-06,0.080
88900,1.43030,,9.396531e-06,0.080
89000,1.39511,1.38448,9.229737e-06,0.080
89100,1.40518,,9.064389e-06,0.080
89200,1.40170,,8.900490e-06,0.080
89300,1.41984,,8.738042e-06,0.080
89400,1.41599,,8.577044e-06,0.080
89500,1.43907,,8.417500e-06,0.080
89600,1.43761,,8.259412e-06,0.080
89700,1.44794,,8.102779e-06,0.080
89800,1.41524,,7.947605e-06,0.080
89900,1.38841,,7.793891e-06,0.080
90000,1.39849,1.37794,7.641638e-06,0.080
90100,1.40117,,7.490848e-06,0.080
90200,1.45369,,7.341523e-06,0.080
90300,1.45630,,7.193663e-06,0.080
90400,1.42389,,7.047271e-06,0.080
90500,1.41308,,6.902349e-06,0.080
90600,1.42322,,6.758896e-06,0.080
90700,1.42900,,6.616916e-06,0.080
90800,1.43090,,6.476409e-06,0.080
90900,1.41561,,6.337377e-06,0.080
91000,1.41498,1.37431,6.199822e-06,0.080
91100,1.44027,,6.063744e-06,0.080
91200,1.42999,,5.929146e-06,0.080
91300,1.41590,,5.796028e-06,0.080
91400,1.39947,,5.664392e-06,0.080
91500,1.43162,,5.534239e-06,0.080
91600,1.44602,,5.405571e-06,0.080
91700,1.38555,,5.278389e-06,0.080
91800,1.42215,,5.152694e-06,0.080
91900,1.41998,,5.028487e-06,0.080
92000,1.42942,1.37299,4.905771e-06,0.080
92100,1.41443,,4.784545e-06,0.080
92200,1.41959,,4.664812e-06,0.080
92300,1.39114,,4.546572e-06,0.080
92400,1.39564,,4.429827e-06,0.080
92500,1.43296,,4.314578e-06,0.080
92600,1.41632,,4.200826e-06,0.080
92700,1.43569,,4.088573e-06,0.080
92800,1.42968,,3.977818e-06,0.080
92900,1.41658,,3.868565e-06,0.080
93000,1.40527,1.37105,3.760813e-06,0.080
93100,1.41269,,3.654564e-06,0.080
93200,1.40554,,3.549819e-06,0.080
93300,1.40492,,3.446579e-06,0.080
93400,1.42001,,3.344845e-06,0.080
93500,1.40890,,3.244618e-06,0.080
93600,1.39093,,3.145900e-06,0.080
93700,1.38561,,3.048690e-06,0.080
93800,1.42511,,2.952991e-06,0.080
93900,1.45446,,2.858803e-06,0.080
94000,1.44178,1.37017,2.766126e-06,0.080
94100,1.40739,,2.674963e-06,0.080
94200,1.41485,,2.585314e-06,0.080
94300,1.40868,,2.497180e-06,0.080
94400,1.43601,,2.410562e-06,0.080
94500,1.40014,,2.325460e-06,0.080
94600,1.40349,,2.241876e-06,0.080
94700,1.41880,,2.159810e-06,0.080
94800,1.38774,,2.079264e-06,0.080
94900,1.43244,,2.000238e-06,0.080
95000,1.41592,1.36824,1.922732e-06,0.080
95100,1.42031,,1.846749e-06,0.080
95200,1.42416,,1.772288e-06,0.080
95300,1.39990,,1.699350e-06,0.080
95400,1.38986,,1.627936e-06,0.080
95500,1.39954,,1.558047e-06,0.080
95600,1.40829,,1.489684e-06,0.080
95700,1.41725,,1.422846e-06,0.080
95800,1.44344,,1.357536e-06,0.080
95900,1.40558,,1.293753e-06,0.080
96000,1.42492,1.36706,1.231498e-06,0.080
96100,1.43530,,1.170772e-06,0.080
96200,1.40200,,1.111575e-06,0.080
96300,1.40278,,1.053909e-06,0.080
96400,1.42679,,9.977731e-07,0.080
96500,1.41616,,9.431685e-07,0.080
96600,1.43619,,8.900957e-07,0.080
96700,1.39514,,8.385552e-07,0.080
96800,1.40607,,7.885476e-07,0.080
96900,1.41774,,7.400734e-07,0.080
97000,1.37359,1.36602,6.931331e-07,0.080
97100,1.39226,,6.477271e-07,0.080
97200,1.41484,,6.038559e-07,0.080
97300,1.41181,,5.615200e-07,0.080
97400,1.43006,,5.207198e-07,0.080
97500,1.41049,,4.814558e-07,0.080
97600,1.41584,,4.437283e-07,0.080
97700,1.40820,,4.075377e-07,0.080
97800,1.42102,,3.728844e-07,0.080
97900,1.40622,,3.397687e-07,0.080
98000,1.45805,1.36535,3.081911e-07,0.080
98100,1.43582,,2.781517e-07,0.080
98200,1.42263,,2.496510e-07,0.080
98300,1.39772,,2.226892e-07,0.080
98400,1.41316,,1.972666e-07,0.080
98500,1.41459,,1.733835e-07,0.080
98600,1.40706,,1.510400e-07,0.080
98700,1.43621,,1.302365e-07,0.080
98800,1.44097,,1.109731e-07,0.080
98900,1.44709,,9.325008e-08,0.080
99000,1.42419,1.36498,7.706757e-08,0.080
99100,1.40818,,6.242575e-08,0.080
99200,1.41585,,4.932477e-08,0.080
99300,1.40107,,3.776476e-08,0.080
99400,1.37367,,2.774585e-08,0.080
99500,1.41344,,1.926813e-08,0.080
99600,1.40661,,1.233170e-08,0.080
99700,1.40606,,6.936622e-09,0.080
99800,1.38866,,3.082956e-09,0.080
99900,1.42129,,7.707410e-10,0.080
100000,1.40775,1.36487,0.000000e+00,0.080
